Timestamp,Junction,Traffic_Volume,Temperature_C,Precipitation_mm,Humidity_Pct,Wind_Speed_kmh,Is_Event,Event_Type,Traffic_Volume_Scaled,Temperature_C_Scaled,Precipitation_mm_Scaled,Humidity_Pct_Scaled,Wind_Speed_kmh_Scaled
2026-06-01 00:00:00,Junction_A,201.0,23.0,1.02,75.5,5.8,0,None,0.3550185873605948,0.5425531914893615,0.20440881763527052,0.819672131147541,0.030456852791878153
2026-06-01 00:00:00,Junction_B,242.0,23.0,1.02,75.5,5.8,0,None,0.4312267657992565,0.5425531914893615,0.20440881763527052,0.819672131147541,0.030456852791878153
2026-06-01 00:00:00,Junction_C,164.0,23.0,1.02,75.5,5.8,0,None,0.2862453531598513,0.5425531914893615,0.20440881763527052,0.819672131147541,0.030456852791878153
2026-06-01 01:00:00,Junction_A,298.0,25.5,0.0,79.1,7.0,0,None,0.5353159851301116,0.675531914893617,0.0,0.8934426229508197,0.09137055837563451
2026-06-01 01:00:00,Junction_B,287.0,25.5,0.0,79.1,7.0,0,None,0.5148698884758365,0.675531914893617,0.0,0.8934426229508197,0.09137055837563451
2026-06-01 01:00:00,Junction_C,247.0,25.5,0.0,79.1,7.0,0,None,0.44052044609665425,0.675531914893617,0.0,0.8934426229508197,0.09137055837563451
2026-06-01 02:00:00,Junction_A,382.0,26.0,0.0,74.1,13.7,0,None,0.6914498141263941,0.7021276595744681,0.0,0.790983606557377,0.4314720812182741
2026-06-01 02:00:00,Junction_B,386.0,26.0,0.0,74.1,13.7,0,None,0.6988847583643123,0.7021276595744681,0.0,0.790983606557377,0.4314720812182741
2026-06-01 02:00:00,Junction_C,374.0,26.0,0.0,74.1,13.7,0,None,0.6765799256505577,0.7021276595744681,0.0,0.790983606557377,0.4314720812182741
2026-06-01 03:00:00,Junction_A,436.0,27.3,0.0,75.5,5.9,0,None,0.79182156133829,0.7712765957446808,0.0,0.819672131147541,0.035532994923857864
2026-06-01 03:00:00,Junction_B,449.0,27.3,0.0,75.5,5.9,0,None,0.8159851301115242,0.7712765957446808,0.0,0.819672131147541,0.035532994923857864
2026-06-01 03:00:00,Junction_C,461.0,27.3,0.0,75.5,5.9,0,None,0.8382899628252788,0.7712765957446808,0.0,0.819672131147541,0.035532994923857864
2026-06-01 04:00:00,Junction_A,432.0,28.4,0.0,70.0,22.1,0,None,0.7843866171003717,0.829787234042553,0.0,0.7069672131147542,0.8578680203045687
2026-06-01 04:00:00,Junction_B,411.0,28.4,0.0,70.0,22.1,0,None,0.7453531598513011,0.829787234042553,0.0,0.7069672131147542,0.8578680203045687
2026-06-01 04:00:00,Junction_C,430.0,28.4,0.0,70.0,22.1,0,None,0.7806691449814126,0.829787234042553,0.0,0.7069672131147542,0.8578680203045687
2026-06-01 05:00:00,Junction_A,491.0,30.4,0.0,60.9,17.8,0,None,0.8940520446096655,0.9361702127659572,0.0,0.5204918032786885,0.6395939086294417
2026-06-01 05:00:00,Junction_B,440.0,30.4,0.0,60.9,17.8,0,None,0.7992565055762082,0.9361702127659572,0.0,0.5204918032786885,0.6395939086294417
2026-06-01 05:00:00,Junction_C,526.0,30.4,0.0,60.9,17.8,0,None,0.9591078066914498,0.9361702127659572,0.0,0.5204918032786885,0.6395939086294417
2026-06-01 06:00:00,Junction_A,479.0,28.1,0.0,64.4,16.5,0,None,0.8717472118959108,0.8138297872340425,0.0,0.5922131147540985,0.5736040609137055
2026-06-01 06:00:00,Junction_B,487.0,28.1,0.0,64.4,16.5,0,None,0.8866171003717472,0.8138297872340425,0.0,0.5922131147540985,0.5736040609137055
2026-06-01 06:00:00,Junction_C,451.0,28.1,0.0,64.4,16.5,0,None,0.8197026022304833,0.8138297872340425,0.0,0.5922131147540985,0.5736040609137055
2026-06-01 07:00:00,Junction_A,502.0,29.3,0.0,54.4,15.9,0,None,0.9144981412639406,0.8776595744680851,0.0,0.3872950819672132,0.5431472081218274
2026-06-01 07:00:00,Junction_B,498.0,29.3,0.0,54.4,15.9,0,None,0.9070631970260223,0.8776595744680851,0.0,0.3872950819672132,0.5431472081218274
2026-06-01 07:00:00,Junction_C,459.0,29.3,0.0,54.4,15.9,0,None,0.8345724907063197,0.8776595744680851,0.0,0.3872950819672132,0.5431472081218274
2026-06-01 08:00:00,Junction_A,441.0,30.7,0.0,54.6,23.1,0,None,0.8011152416356877,0.9521276595744679,0.0,0.39139344262295084,0.9086294416243655
2026-06-01 08:00:00,Junction_B,484.0,30.7,0.0,54.6,23.1,0,None,0.8810408921933086,0.9521276595744679,0.0,0.39139344262295084,0.9086294416243655
2026-06-01 08:00:00,Junction_C,466.0,30.7,0.0,54.6,23.1,0,None,0.8475836431226766,0.9521276595744679,0.0,0.39139344262295084,0.9086294416243655
2026-06-01 09:00:00,Junction_A,383.0,26.4,0.95,41.0,6.9,0,None,0.6933085501858737,0.7234042553191489,0.19038076152304606,0.11270491803278693,0.0862944162436548
2026-06-01 09:00:00,Junction_B,450.0,26.4,0.95,41.0,6.9,0,None,0.8178438661710037,0.7234042553191489,0.19038076152304606,0.11270491803278693,0.0862944162436548
2026-06-01 09:00:00,Junction_C,410.0,26.4,0.95,41.0,6.9,0,None,0.7434944237918216,0.7234042553191489,0.19038076152304606,0.11270491803278693,0.0862944162436548
2026-06-01 10:00:00,Junction_A,390.0,26.7,1.94,46.1,5.5,0,None,0.7063197026022305,0.7393617021276595,0.3887775551102204,0.21721311475409844,0.015228426395939076
2026-06-01 10:00:00,Junction_B,358.0,26.7,1.94,46.1,5.5,0,None,0.6468401486988847,0.7393617021276595,0.3887775551102204,0.21721311475409844,0.015228426395939076
2026-06-01 10:00:00,Junction_C,341.0,26.7,1.94,46.1,5.5,0,None,0.6152416356877324,0.7393617021276595,0.3887775551102204,0.21721311475409844,0.015228426395939076
2026-06-01 11:00:00,Junction_A,318.0,25.3,0.0,36.9,18.9,0,None,0.5724907063197027,0.6648936170212765,0.0,0.02868852459016391,0.6954314720812181
2026-06-01 11:00:00,Junction_B,286.0,25.3,0.0,36.9,18.9,0,None,0.5130111524163569,0.6648936170212765,0.0,0.02868852459016391,0.6954314720812181
2026-06-01 11:00:00,Junction_C,306.0,25.3,0.0,36.9,18.9,0,None,0.550185873605948,0.6648936170212765,0.0,0.02868852459016391,0.6954314720812181
2026-06-01 12:00:00,Junction_A,164.0,22.5,0.0,42.4,21.1,0,None,0.2862453531598513,0.5159574468085106,0.0,0.14139344262295084,0.8071065989847716
2026-06-01 12:00:00,Junction_B,211.0,22.5,0.0,42.4,21.1,0,None,0.3736059479553903,0.5159574468085106,0.0,0.14139344262295084,0.8071065989847716
2026-06-01 12:00:00,Junction_C,211.0,22.5,0.0,42.4,21.1,0,None,0.3736059479553903,0.5159574468085106,0.0,0.14139344262295084,0.8071065989847716
2026-06-01 13:00:00,Junction_A,118.0,19.1,0.0,43.2,21.1,0,None,0.2007434944237918,0.3351063829787233,0.0,0.15778688524590168,0.8071065989847716
2026-06-01 13:00:00,Junction_B,133.0,19.1,0.0,43.2,21.1,0,None,0.22862453531598512,0.3351063829787233,0.0,0.15778688524590168,0.8071065989847716
2026-06-01 13:00:00,Junction_C,181.5,19.1,0.0,43.2,21.1,0,None,0.3187732342007435,0.3351063829787233,0.0,0.15778688524590168,0.8071065989847716
2026-06-01 14:00:00,Junction_A,190.0,20.0,0.0,41.4,20.5,0,None,0.33457249070631967,0.3829787234042552,0.0,0.12090163934426224,0.7766497461928933
2026-06-01 14:00:00,Junction_B,63.0,20.0,0.0,41.4,20.5,0,None,0.09851301115241634,0.3829787234042552,0.0,0.12090163934426224,0.7766497461928933
2026-06-01 14:00:00,Junction_C,10.0,20.0,0.0,41.4,20.5,0,None,0.0,0.3829787234042552,0.0,0.12090163934426224,0.7766497461928933
2026-06-01 15:00:00,Junction_A,10.0,15.7,0.0,49.4,13.6,0,None,0.0,0.1542553191489361,0.0,0.2848360655737705,0.42639593908629436
2026-06-01 15:00:00,Junction_B,10.0,15.7,0.0,49.4,13.6,0,None,0.0,0.1542553191489361,0.0,0.2848360655737705,0.42639593908629436
2026-06-01 15:00:00,Junction_C,10.0,15.7,0.0,49.4,13.6,0,None,0.0,0.1542553191489361,0.0,0.2848360655737705,0.42639593908629436
2026-06-01 16:00:00,Junction_A,10.0,16.1,0.0,46.0,23.1,0,None,0.0,0.17553191489361697,0.0,0.2151639344262295,0.9086294416243655
2026-06-01 16:00:00,Junction_B,10.0,16.1,0.0,46.0,23.1,0,None,0.0,0.17553191489361697,0.0,0.2151639344262295,0.9086294416243655
2026-06-01 16:00:00,Junction_C,10.0,16.1,0.0,46.0,23.1,0,None,0.0,0.17553191489361697,0.0,0.2151639344262295,0.9086294416243655
2026-06-01 17:00:00,Junction_A,10.0,14.3,0.0,53.0,22.9,0,None,0.0,0.07978723404255317,0.0,0.35860655737704916,0.8984771573604059
2026-06-01 17:00:00,Junction_B,10.0,14.3,0.0,53.0,22.9,0,None,0.0,0.07978723404255317,0.0,0.35860655737704916,0.8984771573604059
2026-06-01 17:00:00,Junction_C,10.0,14.3,0.0,53.0,22.9,0,None,0.0,0.07978723404255317,0.0,0.35860655737704916,0.8984771573604059
2026-06-01 18:00:00,Junction_A,10.0,13.6,4.57,55.9,11.4,0,None,0.0,0.04255319148936154,0.9158316633266532,0.41803278688524603,0.31472081218274106
2026-06-01 18:00:00,Junction_B,10.0,13.6,4.57,55.9,11.4,0,None,0.0,0.04255319148936154,0.9158316633266532,0.41803278688524603,0.31472081218274106
2026-06-01 18:00:00,Junction_C,10.0,13.6,4.57,55.9,11.4,0,None,0.0,0.04255319148936154,0.9158316633266532,0.41803278688524603,0.31472081218274106
2026-06-01 19:00:00,Junction_A,10.0,16.1,0.0,65.9,17.6,0,None,0.0,0.17553191489361697,0.0,0.6229508196721314,0.6294416243654822
2026-06-01 19:00:00,Junction_B,10.0,16.1,0.0,65.9,17.6,0,None,0.0,0.17553191489361697,0.0,0.6229508196721314,0.6294416243654822
2026-06-01 19:00:00,Junction_C,10.0,16.1,0.0,65.9,17.6,0,None,0.0,0.17553191489361697,0.0,0.6229508196721314,0.6294416243654822
2026-06-01 20:00:00,Junction_A,10.0,14.9,0.0,68.3,18.5,0,None,0.0,0.11170212765957444,0.0,0.6721311475409837,0.6751269035532995
2026-06-01 20:00:00,Junction_B,10.0,14.9,0.0,68.3,18.5,0,None,0.0,0.11170212765957444,0.0,0.6721311475409837,0.6751269035532995
2026-06-01 20:00:00,Junction_C,10.0,14.9,0.0,68.3,18.5,0,None,0.0,0.11170212765957444,0.0,0.6721311475409837,0.6751269035532995
2026-06-01 21:00:00,Junction_A,10.0,17.4,0.0,77.0,6.8,0,None,0.0,0.24468085106382964,0.0,0.8504098360655739,0.08121827411167509
2026-06-01 21:00:00,Junction_B,10.0,17.4,0.0,77.0,6.8,0,None,0.0,0.24468085106382964,0.0,0.8504098360655739,0.08121827411167509
2026-06-01 21:00:00,Junction_C,10.0,17.4,0.0,77.0,6.8,0,None,0.0,0.24468085106382964,0.0,0.8504098360655739,0.08121827411167509
2026-06-01 22:00:00,Junction_A,33.0,18.0,2.97,76.7,22.8,0,None,0.04275092936802974,0.276595744680851,0.595190380761523,0.8442622950819674,0.8934010152284263
2026-06-01 22:00:00,Junction_B,76.0,18.0,2.97,76.7,22.8,0,None,0.12267657992565054,0.276595744680851,0.595190380761523,0.8442622950819674,0.8934010152284263
2026-06-01 22:00:00,Junction_C,79.0,18.0,2.97,76.7,22.8,0,None,0.12825278810408922,0.276595744680851,0.595190380761523,0.8442622950819674,0.8934010152284263
2026-06-01 23:00:00,Junction_A,107.0,19.3,1.14,81.9,17.4,0,None,0.18029739776951673,0.3457446808510638,0.22845691382765526,0.9508196721311477,0.6192893401015227
2026-06-01 23:00:00,Junction_B,121.0,19.3,1.14,81.9,17.4,0,None,0.20631970260223048,0.3457446808510638,0.22845691382765526,0.9508196721311477,0.6192893401015227
2026-06-01 23:00:00,Junction_C,75.0,19.3,1.14,81.9,17.4,0,None,0.120817843866171,0.3457446808510638,0.22845691382765526,0.9508196721311477,0.6192893401015227
2026-06-02 00:00:00,Junction_A,151.0,20.4,3.65,75.7,21.4,0,None,0.26208178438661706,0.404255319148936,0.7314629258517034,0.8237704918032789,0.8223350253807106
2026-06-02 00:00:00,Junction_B,155.0,20.4,3.65,75.7,21.4,0,None,0.2695167286245353,0.404255319148936,0.7314629258517034,0.8237704918032789,0.8223350253807106
2026-06-02 00:00:00,Junction_C,203.0,20.4,3.65,75.7,21.4,0,None,0.3587360594795539,0.404255319148936,0.7314629258517034,0.8237704918032789,0.8223350253807106
2026-06-02 01:00:00,Junction_A,230.0,24.9,0.88,84.2,12.5,0,None,0.40892193308550184,0.6436170212765955,0.17635270541082163,0.9979508196721314,0.37055837563451777
2026-06-02 01:00:00,Junction_B,280.0,24.9,0.88,84.2,12.5,0,None,0.5018587360594796,0.6436170212765955,0.17635270541082163,0.9979508196721314,0.37055837563451777
2026-06-02 01:00:00,Junction_C,319.0,24.9,0.88,84.2,12.5,0,None,0.5743494423791822,0.6436170212765955,0.17635270541082163,0.9979508196721314,0.37055837563451777
2026-06-02 02:00:00,Junction_A,362.0,25.5,0.0,81.8,24.7,0,None,0.654275092936803,0.675531914893617,0.0,0.9487704918032787,0.9898477157360405
2026-06-02 02:00:00,Junction_B,317.0,25.5,0.0,81.8,24.7,0,None,0.570631970260223,0.675531914893617,0.0,0.9487704918032787,0.9898477157360405
2026-06-02 02:00:00,Junction_C,389.0,25.5,0.0,81.8,24.7,0,None,0.7044609665427509,0.675531914893617,0.0,0.9487704918032787,0.9898477157360405
2026-06-02 03:00:00,Junction_A,405.0,28.7,0.0,70.0,20.5,0,None,0.7342007434944238,0.8457446808510638,0.0,0.7069672131147542,0.7766497461928933
2026-06-02 03:00:00,Junction_B,395.0,28.7,0.0,70.0,20.5,0,None,0.7156133828996283,0.8457446808510638,0.0,0.7069672131147542,0.7766497461928933
2026-06-02 03:00:00,Junction_C,435.0,28.7,0.0,70.0,20.5,0,None,0.7899628252788105,0.8457446808510638,0.0,0.7069672131147542,0.7766497461928933
2026-06-02 04:00:00,Junction_A,470.0,29.2,0.0,74.1,7.2,0,None,0.8550185873605948,0.8723404255319147,0.0,0.790983606557377,0.10152284263959388
2026-06-02 04:00:00,Junction_B,508.0,29.2,0.0,74.1,7.2,0,None,0.9256505576208178,0.8723404255319147,0.0,0.790983606557377,0.10152284263959388
2026-06-02 04:00:00,Junction_C,422.0,29.2,0.0,74.1,7.2,0,None,0.7657992565055762,0.8723404255319147,0.0,0.790983606557377,0.10152284263959388
2026-06-02 05:00:00,Junction_A,533.0,29.7,2.61,60.7,7.4,0,None,0.9721189591078067,0.8989361702127658,0.5230460921843687,0.5163934426229508,0.1116751269035533
2026-06-02 05:00:00,Junction_B,486.0,29.7,2.61,60.7,7.4,0,None,0.8847583643122676,0.8989361702127658,0.5230460921843687,0.5163934426229508,0.1116751269035533
2026-06-02 05:00:00,Junction_C,453.0,29.7,2.61,60.7,7.4,0,None,0.8234200743494424,0.8989361702127658,0.5230460921843687,0.5163934426229508,0.1116751269035533
2026-06-02 06:00:00,Junction_A,521.0,28.5,0.0,62.5,16.7,0,None,0.949814126394052,0.8351063829787233,0.0,0.5532786885245902,0.583756345177665
2026-06-02 06:00:00,Junction_B,527.0,28.5,0.0,62.5,16.7,0,None,0.9609665427509294,0.8351063829787233,0.0,0.5532786885245902,0.583756345177665
2026-06-02 06:00:00,Junction_C,536.0,28.5,0.0,62.5,16.7,0,None,0.9776951672862454,0.8351063829787233,0.0,0.5532786885245902,0.583756345177665
2026-06-02 07:00:00,Junction_A,500.0,31.6,0.0,52.7,22.4,0,None,0.9107806691449815,1.0,0.0,0.3524590163934427,0.8730964467005075
2026-06-02 07:00:00,Junction_B,478.0,31.6,0.0,52.7,22.4,0,None,0.8698884758364313,1.0,0.0,0.3524590163934427,0.8730964467005075
2026-06-02 07:00:00,Junction_C,523.0,31.6,0.0,52.7,22.4,0,None,0.9535315985130112,1.0,0.0,0.3524590163934427,0.8730964467005075
2026-06-02 08:00:00,Junction_A,488.0,27.8,0.0,45.1,24.4,0,None,0.8884758364312267,0.7978723404255319,0.0,0.19672131147540994,0.9746192893401014
2026-06-02 08:00:00,Junction_B,490.0,27.8,0.0,45.1,24.4,0,None,0.8921933085501859,0.7978723404255319,0.0,0.19672131147540994,0.9746192893401014
2026-06-02 08:00:00,Junction_C,461.0,27.8,0.0,45.1,24.4,0,None,0.8382899628252788,0.7978723404255319,0.0,0.19672131147540994,0.9746192893401014
2026-06-02 09:00:00,Junction_A,385.0,25.8,0.0,46.1,24.9,0,None,0.6970260223048327,0.6914893617021276,0.0,0.21721311475409844,0.9999999999999999
2026-06-02 09:00:00,Junction_B,387.0,25.8,0.0,46.1,24.9,0,None,0.7007434944237918,0.6914893617021276,0.0,0.21721311475409844,0.9999999999999999
2026-06-02 09:00:00,Junction_C,450.0,25.8,0.0,46.1,24.9,0,None,0.8178438661710037,0.6914893617021276,0.0,0.21721311475409844,0.9999999999999999
2026-06-02 10:00:00,Junction_A,359.0,24.3,0.0,47.4,15.5,0,None,0.6486988847583643,0.6117021276595744,0.0,0.2438524590163934,0.5228426395939086
2026-06-02 10:00:00,Junction_B,340.0,24.3,0.0,47.4,15.5,0,None,0.6133828996282528,0.6117021276595744,0.0,0.2438524590163934,0.5228426395939086
2026-06-02 10:00:00,Junction_C,328.0,24.3,0.0,47.4,15.5,0,None,0.5910780669144982,0.6117021276595744,0.0,0.2438524590163934,0.5228426395939086
2026-06-02 11:00:00,Junction_A,241.0,24.6,0.0,40.2,17.6,0,None,0.42936802973977695,0.6276595744680851,0.0,0.09631147540983609,0.6294416243654822
2026-06-02 11:00:00,Junction_B,271.0,24.6,0.0,40.2,17.6,0,None,0.4851301115241636,0.6276595744680851,0.0,0.09631147540983609,0.6294416243654822
2026-06-02 11:00:00,Junction_C,291.0,24.6,0.0,40.2,17.6,0,None,0.5223048327137547,0.6276595744680851,0.0,0.09631147540983609,0.6294416243654822
2026-06-02 12:00:00,Junction_A,190.0,22.3,0.0,35.5,10.6,0,None,0.33457249070631967,0.5053191489361701,0.0,0.0,0.2741116751269035
2026-06-02 12:00:00,Junction_B,220.0,22.3,0.0,35.5,10.6,0,None,0.3903345724907063,0.5053191489361701,0.0,0.0,0.2741116751269035
2026-06-02 12:00:00,Junction_C,158.0,22.3,0.0,35.5,10.6,0,None,0.275092936802974,0.5053191489361701,0.0,0.0,0.2741116751269035
2026-06-02 13:00:00,Junction_A,159.0,21.7,0.0,40.2,17.4,0,None,0.27695167286245354,0.47340425531914887,0.0,0.09631147540983609,0.6192893401015227
2026-06-02 13:00:00,Junction_B,72.0,21.7,0.0,40.2,17.4,0,None,0.11524163568773232,0.47340425531914887,0.0,0.09631147540983609,0.6192893401015227
2026-06-02 13:00:00,Junction_C,79.0,21.7,0.0,40.2,17.4,0,None,0.12825278810408922,0.47340425531914887,0.0,0.09631147540983609,0.6192893401015227
2026-06-02 14:00:00,Junction_A,87.0,17.1,0.0,42.3,12.1,0,None,0.14312267657992564,0.22872340425531912,0.0,0.1393442622950819,0.3502538071065989
2026-06-02 14:00:00,Junction_B,62.0,17.1,0.0,42.3,12.1,0,None,0.09665427509293681,0.22872340425531912,0.0,0.1393442622950819,0.3502538071065989
2026-06-02 14:00:00,Junction_C,10.0,17.1,0.0,42.3,12.1,0,None,0.0,0.22872340425531912,0.0,0.1393442622950819,0.3502538071065989
2026-06-02 15:00:00,Junction_A,17.0,16.7,4.88,50.7,19.0,0,None,0.013011152416356878,0.20744680851063813,0.9779559118236472,0.3114754098360657,0.700507614213198
2026-06-02 15:00:00,Junction_B,10.0,16.7,4.88,50.7,19.0,0,None,0.0,0.20744680851063813,0.9779559118236472,0.3114754098360657,0.700507614213198
2026-06-02 15:00:00,Junction_C,10.0,16.7,4.88,50.7,19.0,0,None,0.0,0.20744680851063813,0.9779559118236472,0.3114754098360657,0.700507614213198
2026-06-02 16:00:00,Junction_A,10.0,15.2,0.0,53.1,18.7,0,None,0.0,0.12765957446808496,0.0,0.3606557377049182,0.6852791878172588
2026-06-02 16:00:00,Junction_B,10.0,15.2,0.0,53.1,18.7,0,None,0.0,0.12765957446808496,0.0,0.3606557377049182,0.6852791878172588
2026-06-02 16:00:00,Junction_C,10.0,15.2,0.0,53.1,18.7,0,None,0.0,0.12765957446808496,0.0,0.3606557377049182,0.6852791878172588
2026-06-02 17:00:00,Junction_A,10.0,12.9,0.0,58.0,24.0,0,None,0.0,0.005319148936170137,0.0,0.46106557377049184,0.9543147208121828
2026-06-02 17:00:00,Junction_B,10.0,12.9,0.0,58.0,24.0,0,None,0.0,0.005319148936170137,0.0,0.46106557377049184,0.9543147208121828
2026-06-02 17:00:00,Junction_C,10.0,12.9,0.0,58.0,24.0,0,None,0.0,0.005319148936170137,0.0,0.46106557377049184,0.9543147208121828
2026-06-02 18:00:00,Junction_A,10.0,14.9,0.0,59.2,23.7,0,None,0.0,0.11170212765957444,0.0,0.4856557377049182,0.9390862944162436
2026-06-02 18:00:00,Junction_B,196.0,14.9,0.0,59.2,23.7,0,None,0.34572490706319703,0.11170212765957444,0.0,0.4856557377049182,0.9390862944162436
2026-06-02 18:00:00,Junction_C,10.0,14.9,0.0,59.2,23.7,0,None,0.0,0.11170212765957444,0.0,0.4856557377049182,0.9390862944162436
2026-06-02 19:00:00,Junction_A,10.0,15.7,0.62,63.9,21.2,0,None,0.0,0.1542553191489361,0.12424849699398796,0.5819672131147542,0.8121827411167512
2026-06-02 19:00:00,Junction_B,10.0,15.7,0.62,63.9,21.2,0,None,0.0,0.1542553191489361,0.12424849699398796,0.5819672131147542,0.8121827411167512
2026-06-02 19:00:00,Junction_C,10.0,15.7,0.62,63.9,21.2,0,None,0.0,0.1542553191489361,0.12424849699398796,0.5819672131147542,0.8121827411167512
2026-06-02 20:00:00,Junction_A,10.0,17.0,0.0,70.9,12.6,0,None,0.0,0.22340425531914887,0.0,0.7254098360655741,0.3756345177664975
2026-06-02 20:00:00,Junction_B,10.0,17.0,0.0,70.9,12.6,0,None,0.0,0.22340425531914887,0.0,0.7254098360655741,0.3756345177664975
2026-06-02 20:00:00,Junction_C,10.0,17.0,0.0,70.9,12.6,0,None,0.0,0.22340425531914887,0.0,0.7254098360655741,0.3756345177664975
2026-06-02 21:00:00,Junction_A,10.0,18.2,0.0,77.5,14.4,0,None,0.0,0.2872340425531914,0.0,0.8606557377049182,0.46700507614213194
2026-06-02 21:00:00,Junction_B,35.0,18.2,0.0,77.5,14.4,0,None,0.04646840148698885,0.2872340425531914,0.0,0.8606557377049182,0.46700507614213194
2026-06-02 21:00:00,Junction_C,10.0,18.2,0.0,77.5,14.4,0,None,0.0,0.2872340425531914,0.0,0.8606557377049182,0.46700507614213194
2026-06-02 22:00:00,Junction_A,84.0,17.7,0.0,72.9,22.3,0,None,0.137546468401487,0.2606382978723403,0.0,0.7663934426229511,0.8680203045685279
2026-06-02 22:00:00,Junction_B,89.0,17.7,0.0,72.9,22.3,0,None,0.14684014869888476,0.2606382978723403,0.0,0.7663934426229511,0.8680203045685279
2026-06-02 22:00:00,Junction_C,33.0,17.7,0.0,72.9,22.3,0,None,0.04275092936802974,0.2606382978723403,0.0,0.7663934426229511,0.8680203045685279
2026-06-02 23:00:00,Junction_A,136.0,21.2,0.0,84.3,16.1,0,None,0.23420074349442377,0.44680851063829774,0.0,1.0,0.5532994923857869
2026-06-02 23:00:00,Junction_B,170.0,21.2,0.0,84.3,16.1,0,None,0.2973977695167286,0.44680851063829774,0.0,1.0,0.5532994923857869
2026-06-02 23:00:00,Junction_C,118.0,21.2,0.0,84.3,16.1,0,None,0.2007434944237918,0.44680851063829774,0.0,1.0,0.5532994923857869
2026-06-03 00:00:00,Junction_A,227.0,23.1,0.0,83.5,9.9,0,None,0.40334572490706316,0.5478723404255319,0.0,0.9836065573770494,0.23857868020304573
2026-06-03 00:00:00,Junction_B,152.0,23.1,0.0,83.5,9.9,0,None,0.2639405204460966,0.5478723404255319,0.0,0.9836065573770494,0.23857868020304573
2026-06-03 00:00:00,Junction_C,150.0,23.1,0.0,83.5,9.9,0,None,0.26022304832713755,0.5478723404255319,0.0,0.9836065573770494,0.23857868020304573
2026-06-03 01:00:00,Junction_A,231.0,23.9,4.79,80.4,9.6,0,None,0.4107806691449814,0.5904255319148934,0.9599198396793586,0.9200819672131149,0.22335025380710655
2026-06-03 01:00:00,Junction_B,316.0,23.9,4.79,80.4,9.6,0,None,0.5687732342007435,0.5904255319148934,0.9599198396793586,0.9200819672131149,0.22335025380710655
2026-06-03 01:00:00,Junction_C,240.0,23.9,4.79,80.4,9.6,0,None,0.4275092936802974,0.5904255319148934,0.9599198396793586,0.9200819672131149,0.22335025380710655
2026-06-03 02:00:00,Junction_A,326.0,26.7,0.0,75.9,7.3,0,None,0.587360594795539,0.7393617021276595,0.0,0.8278688524590165,0.10659898477157359
2026-06-03 02:00:00,Junction_B,308.0,26.7,0.0,75.9,7.3,0,None,0.5539033457249071,0.7393617021276595,0.0,0.8278688524590165,0.10659898477157359
2026-06-03 02:00:00,Junction_C,378.0,26.7,0.0,75.9,7.3,0,None,0.6840148698884758,0.7393617021276595,0.0,0.8278688524590165,0.10659898477157359
2026-06-03 03:00:00,Junction_A,376.0,28.3,0.0,76.9,15.4,0,None,0.6802973977695167,0.824468085106383,0.0,0.848360655737705,0.5177664974619289
2026-06-03 03:00:00,Junction_B,451.0,28.3,0.0,76.9,15.4,0,None,0.8197026022304833,0.824468085106383,0.0,0.848360655737705,0.5177664974619289
2026-06-03 03:00:00,Junction_C,403.0,28.3,0.0,76.9,15.4,0,None,0.7304832713754646,0.824468085106383,0.0,0.848360655737705,0.5177664974619289
2026-06-03 04:00:00,Junction_A,485.0,30.3,0.0,70.6,22.5,0,None,0.8828996282527881,0.9308510638297871,0.0,0.7192622950819672,0.8781725888324873
2026-06-03 04:00:00,Junction_B,459.0,30.3,0.0,70.6,22.5,0,None,0.8345724907063197,0.9308510638297871,0.0,0.7192622950819672,0.8781725888324873
2026-06-03 04:00:00,Junction_C,471.0,30.3,0.0,70.6,22.5,0,None,0.8568773234200744,0.9308510638297871,0.0,0.7192622950819672,0.8781725888324873
2026-06-03 05:00:00,Junction_A,534.0,29.3,0.63,67.7,17.4,0,None,0.9739776951672863,0.8776595744680851,0.12625250501002003,0.6598360655737707,0.6192893401015227
2026-06-03 05:00:00,Junction_B,490.0,29.3,0.63,67.7,17.4,0,None,0.8921933085501859,0.8776595744680851,0.12625250501002003,0.6598360655737707,0.6192893401015227
2026-06-03 05:00:00,Junction_C,534.0,29.3,0.63,67.7,17.4,0,None,0.9739776951672863,0.8776595744680851,0.12625250501002003,0.6598360655737707,0.6192893401015227
2026-06-03 06:00:00,Junction_A,453.0,30.8,0.0,56.4,5.3,0,None,0.8234200743494424,0.9574468085106382,0.0,0.42827868852459017,0.005076142131979655
2026-06-03 06:00:00,Junction_B,543.0,30.8,0.0,56.4,5.3,0,None,0.9907063197026023,0.9574468085106382,0.0,0.42827868852459017,0.005076142131979655
2026-06-03 06:00:00,Junction_C,472.0,30.8,0.0,56.4,5.3,0,None,0.8587360594795539,0.9574468085106382,0.0,0.42827868852459017,0.005076142131979655
2026-06-03 07:00:00,Junction_A,453.0,29.1,0.0,53.7,13.7,0,None,0.8234200743494424,0.8670212765957446,0.0,0.3729508196721312,0.4314720812182741
2026-06-03 07:00:00,Junction_B,481.0,29.1,0.0,53.7,13.7,0,None,0.8754646840148699,0.8670212765957446,0.0,0.3729508196721312,0.4314720812182741
2026-06-03 07:00:00,Junction_C,467.0,29.1,0.0,53.7,13.7,0,None,0.8494423791821561,0.8670212765957446,0.0,0.3729508196721312,0.4314720812182741
2026-06-03 08:00:00,Junction_A,444.0,30.5,0.0,50.1,20.7,0,None,0.8066914498141264,0.9414893617021276,0.0,0.2991803278688525,0.7868020304568527
2026-06-03 08:00:00,Junction_B,421.0,30.5,0.0,50.1,20.7,0,None,0.7639405204460966,0.9414893617021276,0.0,0.2991803278688525,0.7868020304568527
2026-06-03 08:00:00,Junction_C,440.0,30.5,0.0,50.1,20.7,0,None,0.7992565055762082,0.9414893617021276,0.0,0.2991803278688525,0.7868020304568527
2026-06-03 09:00:00,Junction_A,432.0,27.2,0.0,49.5,24.0,0,None,0.7843866171003717,0.7659574468085104,0.0,0.28688524590163933,0.9543147208121828
2026-06-03 09:00:00,Junction_B,420.0,27.2,0.0,49.5,24.0,0,None,0.7620817843866171,0.7659574468085104,0.0,0.28688524590163933,0.9543147208121828
2026-06-03 09:00:00,Junction_C,447.0,27.2,0.0,49.5,24.0,0,None,0.8122676579925651,0.7659574468085104,0.0,0.28688524590163933,0.9543147208121828
2026-06-03 10:00:00,Junction_A,327.0,24.6,0.0,42.6,10.2,0,None,0.5892193308550187,0.6276595744680851,0.0,0.1454918032786886,0.25380710659898476
2026-06-03 10:00:00,Junction_B,365.0,24.6,0.0,42.6,10.2,0,None,0.6598513011152417,0.6276595744680851,0.0,0.1454918032786886,0.25380710659898476
2026-06-03 10:00:00,Junction_C,341.0,24.6,0.0,42.6,10.2,0,None,0.6152416356877324,0.6276595744680851,0.0,0.1454918032786886,0.25380710659898476
2026-06-03 11:00:00,Junction_A,271.0,23.9,0.0,40.6,11.6,0,None,0.4851301115241636,0.5904255319148934,0.0,0.10450819672131151,0.3248730964467005
2026-06-03 11:00:00,Junction_B,288.0,23.9,0.0,40.6,11.6,0,None,0.516728624535316,0.5904255319148934,0.0,0.10450819672131151,0.3248730964467005
2026-06-03 11:00:00,Junction_C,283.0,23.9,0.0,40.6,11.6,0,None,0.5074349442379182,0.5904255319148934,0.0,0.10450819672131151,0.3248730964467005
2026-06-03 12:00:00,Junction_A,155.0,22.5,0.0,35.8,7.6,0,None,0.2695167286245353,0.5159574468085106,0.0,0.006147540983606481,0.12182741116751267
2026-06-03 12:00:00,Junction_B,177.0,22.5,0.0,35.8,7.6,0,None,0.3104089219330855,0.5159574468085106,0.0,0.006147540983606481,0.12182741116751267
2026-06-03 12:00:00,Junction_C,177.0,22.5,0.0,35.8,7.6,0,None,0.3104089219330855,0.5159574468085106,0.0,0.006147540983606481,0.12182741116751267
2026-06-03 13:00:00,Junction_A,115.0,18.4,0.0,37.1,17.8,0,None,0.19516728624535315,0.2978723404255318,0.0,0.032786885245901676,0.6395939086294417
2026-06-03 13:00:00,Junction_B,155.0,18.4,0.0,37.1,17.8,0,None,0.2695167286245353,0.2978723404255318,0.0,0.032786885245901676,0.6395939086294417
2026-06-03 13:00:00,Junction_C,101.0,18.4,0.0,37.1,17.8,0,None,0.1691449814126394,0.2978723404255318,0.0,0.032786885245901676,0.6395939086294417
2026-06-03 14:00:00,Junction_A,61.0,16.7,0.0,46.6,14.5,0,None,0.09479553903345725,0.20744680851063813,0.0,0.22745901639344268,0.47208121827411165
2026-06-03 14:00:00,Junction_B,74.0,16.7,0.0,46.6,14.5,0,None,0.11895910780669144,0.20744680851063813,0.0,0.22745901639344268,0.47208121827411165
2026-06-03 14:00:00,Junction_C,91.0,16.7,0.0,46.6,14.5,0,None,0.15055762081784385,0.20744680851063813,0.0,0.22745901639344268,0.47208121827411165
2026-06-03 15:00:00,Junction_A,25.0,17.0,0.0,42.8,5.8,0,None,0.027881040892193308,0.22340425531914887,0.0,0.14959016393442615,0.030456852791878153
2026-06-03 15:00:00,Junction_B,10.0,17.0,0.0,42.8,5.8,0,None,0.0,0.22340425531914887,0.0,0.14959016393442615,0.030456852791878153
2026-06-03 15:00:00,Junction_C,33.0,17.0,0.0,42.8,5.8,0,None,0.04275092936802974,0.22340425531914887,0.0,0.14959016393442615,0.030456852791878153
2026-06-03 16:00:00,Junction_A,10.0,13.7,0.0,46.8,6.8,0,None,0.0,0.04787234042553179,0.0,0.23155737704918034,0.08121827411167509
2026-06-03 16:00:00,Junction_B,10.0,13.7,0.0,46.8,6.8,0,None,0.0,0.04787234042553179,0.0,0.23155737704918034,0.08121827411167509
2026-06-03 16:00:00,Junction_C,10.0,13.7,0.0,46.8,6.8,0,None,0.0,0.04787234042553179,0.0,0.23155737704918034,0.08121827411167509
2026-06-03 17:00:00,Junction_A,10.0,12.8,0.0,51.9,12.3,0,None,0.0,0.0,0.0,0.33606557377049184,0.36040609137055835
2026-06-03 17:00:00,Junction_B,10.0,12.8,0.0,51.9,12.3,0,None,0.0,0.0,0.0,0.33606557377049184,0.36040609137055835
2026-06-03 17:00:00,Junction_C,10.0,12.8,0.0,51.9,12.3,0,None,0.0,0.0,0.0,0.33606557377049184,0.36040609137055835
2026-06-03 18:00:00,Junction_A,10.0,14.0,0.0,55.4,21.0,1,Sports_Event,0.0,0.06382978723404242,0.0,0.4077868852459017,0.802030456852792
2026-06-03 18:00:00,Junction_B,10.0,14.0,0.0,55.4,21.0,1,Sports_Event,0.0,0.06382978723404242,0.0,0.4077868852459017,0.802030456852792
2026-06-03 18:00:00,Junction_C,181.5,14.0,0.0,55.4,21.0,1,Sports_Event,0.3187732342007435,0.06382978723404242,0.0,0.4077868852459017,0.802030456852792
2026-06-03 19:00:00,Junction_A,10.0,14.8,4.43,69.4,6.2,1,Sports_Event,0.0,0.10638297872340419,0.8877755511022043,0.6946721311475412,0.05076142131979694
2026-06-03 19:00:00,Junction_B,10.0,14.8,4.43,69.4,6.2,1,Sports_Event,0.0,0.10638297872340419,0.8877755511022043,0.6946721311475412,0.05076142131979694
2026-06-03 19:00:00,Junction_C,10.0,14.8,4.43,69.4,6.2,1,Sports_Event,0.0,0.10638297872340419,0.8877755511022043,0.6946721311475412,0.05076142131979694
2026-06-03 20:00:00,Junction_A,10.0,14.2,0.0,72.5,8.7,1,Sports_Event,0.0,0.07446808510638281,0.0,0.7581967213114755,0.17766497461928926
2026-06-03 20:00:00,Junction_B,10.0,14.2,0.0,72.5,8.7,1,Sports_Event,0.0,0.07446808510638281,0.0,0.7581967213114755,0.17766497461928926
2026-06-03 20:00:00,Junction_C,10.0,14.2,0.0,72.5,8.7,1,Sports_Event,0.0,0.07446808510638281,0.0,0.7581967213114755,0.17766497461928926
2026-06-03 21:00:00,Junction_A,15.0,15.2,0.0,74.0,17.4,1,Sports_Event,0.009293680297397772,0.12765957446808496,0.0,0.7889344262295084,0.6192893401015227
2026-06-03 21:00:00,Junction_B,10.0,15.2,0.0,74.0,17.4,1,Sports_Event,0.0,0.12765957446808496,0.0,0.7889344262295084,0.6192893401015227
2026-06-03 21:00:00,Junction_C,10.0,15.2,0.0,74.0,17.4,1,Sports_Event,0.0,0.12765957446808496,0.0,0.7889344262295084,0.6192893401015227
2026-06-03 22:00:00,Junction_A,94.0,17.5,0.0,79.8,5.7,1,Sports_Event,0.1561338289962825,0.2499999999999999,0.0,0.9077868852459017,0.025380710659898442
2026-06-03 22:00:00,Junction_B,86.0,17.5,0.0,79.8,5.7,1,Sports_Event,0.14126394052044608,0.2499999999999999,0.0,0.9077868852459017,0.025380710659898442
2026-06-03 22:00:00,Junction_C,50.0,17.5,0.0,79.8,5.7,1,Sports_Event,0.07434944237918215,0.2499999999999999,0.0,0.9077868852459017,0.025380710659898442
2026-06-03 23:00:00,Junction_A,133.0,18.9,0.0,83.3,15.2,0,None,0.22862453531598512,0.3244680851063828,0.0,0.9795081967213115,0.5076142131979695
2026-06-03 23:00:00,Junction_B,129.0,18.9,0.0,83.3,15.2,0,None,0.2211895910780669,0.3244680851063828,0.0,0.9795081967213115,0.5076142131979695
2026-06-03 23:00:00,Junction_C,123.0,18.9,0.0,83.3,15.2,0,None,0.21003717472118957,0.3244680851063828,0.0,0.9795081967213115,0.5076142131979695
2026-06-04 00:00:00,Junction_A,161.0,22.1,2.51,80.3,9.8,0,None,0.2806691449814126,0.49468085106382986,0.503006012024048,0.918032786885246,0.23350253807106602
2026-06-04 00:00:00,Junction_B,188.0,22.1,2.51,80.3,9.8,0,None,0.33085501858736055,0.49468085106382986,0.503006012024048,0.918032786885246,0.23350253807106602
2026-06-04 00:00:00,Junction_C,151.0,22.1,2.51,80.3,9.8,0,None,0.26208178438661706,0.49468085106382986,0.503006012024048,0.918032786885246,0.23350253807106602
2026-06-04 01:00:00,Junction_A,229.0,23.1,0.0,74.5,11.4,0,None,0.4070631970260223,0.5478723404255319,0.0,0.7991803278688525,0.31472081218274106
2026-06-04 01:00:00,Junction_B,282.0,23.1,0.0,74.5,11.4,0,None,0.5055762081784387,0.5478723404255319,0.0,0.7991803278688525,0.31472081218274106
2026-06-04 01:00:00,Junction_C,307.0,23.1,0.0,74.5,11.4,0,None,0.5520446096654276,0.5478723404255319,0.0,0.7991803278688525,0.31472081218274106
2026-06-04 02:00:00,Junction_A,358.0,24.8,0.0,73.5,22.8,0,None,0.6468401486988847,0.6382978723404256,0.0,0.778688524590164,0.8934010152284263
2026-06-04 02:00:00,Junction_B,301.0,24.8,0.0,73.5,22.8,0,None,0.5408921933085502,0.6382978723404256,0.0,0.778688524590164,0.8934010152284263
2026-06-04 02:00:00,Junction_C,301.0,24.8,0.0,73.5,22.8,0,None,0.5408921933085502,0.6382978723404256,0.0,0.778688524590164,0.8934010152284263
2026-06-04 03:00:00,Junction_A,453.0,28.0,0.0,77.0,15.0,0,None,0.8234200743494424,0.8085106382978722,0.0,0.8504098360655739,0.4974619289340101
2026-06-04 03:00:00,Junction_B,415.0,28.0,0.0,77.0,15.0,0,None,0.7527881040892194,0.8085106382978722,0.0,0.8504098360655739,0.4974619289340101
2026-06-04 03:00:00,Junction_C,448.0,28.0,0.0,77.0,15.0,0,None,0.8141263940520447,0.8085106382978722,0.0,0.8504098360655739,0.4974619289340101
2026-06-04 04:00:00,Junction_A,504.0,27.3,0.0,70.9,19.9,0,None,0.9182156133828996,0.7712765957446808,0.0,0.7254098360655741,0.746192893401015
2026-06-04 04:00:00,Junction_B,505.0,27.3,0.0,70.9,19.9,0,None,0.9200743494423792,0.7712765957446808,0.0,0.7254098360655741,0.746192893401015
2026-06-04 04:00:00,Junction_C,409.0,27.3,0.0,70.9,19.9,0,None,0.741635687732342,0.7712765957446808,0.0,0.7254098360655741,0.746192893401015
2026-06-04 05:00:00,Junction_A,457.0,29.5,1.78,63.8,17.9,0,None,0.8308550185873607,0.8882978723404253,0.3567134268537074,0.5799180327868854,0.6446700507614213
2026-06-04 05:00:00,Junction_B,440.0,29.5,1.78,63.8,17.9,0,None,0.7992565055762082,0.8882978723404253,0.3567134268537074,0.5799180327868854,0.6446700507614213
2026-06-04 05:00:00,Junction_C,491.0,29.5,1.78,63.8,17.9,0,None,0.8940520446096655,0.8882978723404253,0.3567134268537074,0.5799180327868854,0.6446700507614213
2026-06-04 06:00:00,Junction_A,493.0,30.3,0.0,64.9,17.1,0,None,0.8977695167286246,0.9308510638297871,0.0,0.6024590163934429,0.6040609137055838
2026-06-04 06:00:00,Junction_B,539.0,30.3,0.0,64.9,17.1,0,None,0.983271375464684,0.9308510638297871,0.0,0.6024590163934429,0.6040609137055838
2026-06-04 06:00:00,Junction_C,481.0,30.3,0.0,64.9,17.1,0,None,0.8754646840148699,0.9308510638297871,0.0,0.6024590163934429,0.6040609137055838
2026-06-04 07:00:00,Junction_A,508.0,28.7,1.19,52.3,8.2,0,None,0.9256505576208178,0.8457446808510638,0.2384769539078156,0.34426229508196715,0.15228426395939082
2026-06-04 07:00:00,Junction_B,470.0,28.7,1.19,52.3,8.2,0,None,0.8550185873605948,0.8457446808510638,0.2384769539078156,0.34426229508196715,0.15228426395939082
2026-06-04 07:00:00,Junction_C,506.0,28.7,1.19,52.3,8.2,0,None,0.9219330855018587,0.8457446808510638,0.2384769539078156,0.34426229508196715,0.15228426395939082
2026-06-04 08:00:00,Junction_A,463.0,27.7,0.0,46.7,22.9,0,None,0.8420074349442379,0.7925531914893615,0.0,0.22950819672131162,0.8984771573604059
2026-06-04 08:00:00,Junction_B,483.0,27.7,0.0,46.7,22.9,0,None,0.879182156133829,0.7925531914893615,0.0,0.22950819672131162,0.8984771573604059
2026-06-04 08:00:00,Junction_C,464.0,27.7,0.0,46.7,22.9,0,None,0.8438661710037175,0.7925531914893615,0.0,0.22950819672131162,0.8984771573604059
2026-06-04 09:00:00,Junction_A,378.0,26.0,0.0,45.0,24.6,0,None,0.6840148698884758,0.7021276595744681,0.0,0.194672131147541,0.9847715736040609
2026-06-04 09:00:00,Junction_B,399.0,26.0,0.0,45.0,24.6,0,None,0.7230483271375465,0.7021276595744681,0.0,0.194672131147541,0.9847715736040609
2026-06-04 09:00:00,Junction_C,385.0,26.0,0.0,45.0,24.6,0,None,0.6970260223048327,0.7021276595744681,0.0,0.194672131147541,0.9847715736040609
2026-06-04 10:00:00,Junction_A,368.0,24.4,0.0,47.4,22.3,0,None,0.6654275092936803,0.6170212765957446,0.0,0.2438524590163934,0.8680203045685279
2026-06-04 10:00:00,Junction_B,397.0,24.4,0.0,47.4,22.3,0,None,0.7193308550185874,0.6170212765957446,0.0,0.2438524590163934,0.8680203045685279
2026-06-04 10:00:00,Junction_C,369.0,24.4,0.0,47.4,22.3,0,None,0.6672862453531598,0.6170212765957446,0.0,0.2438524590163934,0.8680203045685279
2026-06-04 11:00:00,Junction_A,312.0,25.3,0.0,37.4,18.4,0,None,0.5613382899628253,0.6648936170212765,0.0,0.03893442622950816,0.6700507614213197
2026-06-04 11:00:00,Junction_B,237.0,25.3,0.0,37.4,18.4,0,None,0.4219330855018587,0.6648936170212765,0.0,0.03893442622950816,0.6700507614213197
2026-06-04 11:00:00,Junction_C,242.0,25.3,0.0,37.4,18.4,0,None,0.4312267657992565,0.6648936170212765,0.0,0.03893442622950816,0.6700507614213197
2026-06-04 12:00:00,Junction_A,246.0,23.7,0.0,40.7,10.6,0,None,0.4386617100371747,0.5797872340425532,0.0,0.10655737704918045,0.2741116751269035
2026-06-04 12:00:00,Junction_B,222.0,23.7,0.0,40.7,10.6,0,None,0.3940520446096654,0.5797872340425532,0.0,0.10655737704918045,0.2741116751269035
2026-06-04 12:00:00,Junction_C,208.0,23.7,0.0,40.7,10.6,0,None,0.36802973977695164,0.5797872340425532,0.0,0.10655737704918045,0.2741116751269035
2026-06-04 13:00:00,Junction_A,141.0,21.0,0.0,38.9,13.5,0,None,0.24349442379182157,0.43617021276595747,0.0,0.069672131147541,0.42131979695431465
2026-06-04 13:00:00,Junction_B,151.0,21.0,0.0,38.9,13.5,0,None,0.26208178438661706,0.43617021276595747,0.0,0.069672131147541,0.42131979695431465
2026-06-04 13:00:00,Junction_C,164.0,21.0,0.0,38.9,13.5,0,None,0.2862453531598513,0.43617021276595747,0.0,0.069672131147541,0.42131979695431465
2026-06-04 14:00:00,Junction_A,10.0,18.0,0.0,38.8,17.2,0,None,0.0,0.276595744680851,0.0,0.06762295081967207,0.6091370558375634
2026-06-04 14:00:00,Junction_B,19.0,18.0,0.0,38.8,17.2,0,None,0.016728624535315983,0.276595744680851,0.0,0.06762295081967207,0.6091370558375634
2026-06-04 14:00:00,Junction_C,58.0,18.0,0.0,38.8,17.2,0,None,0.0892193308550186,0.276595744680851,0.0,0.06762295081967207,0.6091370558375634
2026-06-04 15:00:00,Junction_A,10.0,15.5,0.0,42.4,14.6,0,None,0.0,0.1436170212765957,0.0,0.14139344262295084,0.47715736040609136
2026-06-04 15:00:00,Junction_B,10.0,15.5,0.0,42.4,14.6,0,None,0.0,0.1436170212765957,0.0,0.14139344262295084,0.47715736040609136
2026-06-04 15:00:00,Junction_C,26.0,15.5,0.0,42.4,14.6,0,None,0.02973977695167286,0.1436170212765957,0.0,0.14139344262295084,0.47715736040609136
2026-06-04 16:00:00,Junction_A,10.0,15.2,2.01,46.3,6.3,0,None,0.0,0.12765957446808496,0.4028056112224448,0.2213114754098361,0.05583756345177665
2026-06-04 16:00:00,Junction_B,10.0,15.2,2.01,46.3,6.3,0,None,0.0,0.12765957446808496,0.4028056112224448,0.2213114754098361,0.05583756345177665
2026-06-04 16:00:00,Junction_C,10.0,15.2,2.01,46.3,6.3,0,None,0.0,0.12765957446808496,0.4028056112224448,0.2213114754098361,0.05583756345177665
2026-06-04 17:00:00,Junction_A,10.0,16.2,0.0,57.9,10.1,0,None,0.0,0.1808510638297871,0.0,0.459016393442623,0.24873096446700504
2026-06-04 17:00:00,Junction_B,10.0,16.2,0.0,57.9,10.1,0,None,0.0,0.1808510638297871,0.0,0.459016393442623,0.24873096446700504
2026-06-04 17:00:00,Junction_C,10.0,16.2,0.0,57.9,10.1,0,None,0.0,0.1808510638297871,0.0,0.459016393442623,0.24873096446700504
2026-06-04 18:00:00,Junction_A,10.0,14.7,0.0,61.0,14.4,0,None,0.0,0.10106382978723394,0.0,0.5225409836065575,0.46700507614213194
2026-06-04 18:00:00,Junction_B,10.0,14.7,0.0,61.0,14.4,0,None,0.0,0.10106382978723394,0.0,0.5225409836065575,0.46700507614213194
2026-06-04 18:00:00,Junction_C,10.0,14.7,0.0,61.0,14.4,0,None,0.0,0.10106382978723394,0.0,0.5225409836065575,0.46700507614213194
2026-06-04 19:00:00,Junction_A,10.0,13.9,0.0,69.5,21.6,0,None,0.0,0.058510638297872286,0.0,0.6967213114754098,0.83248730964467
2026-06-04 19:00:00,Junction_B,10.0,13.9,0.0,69.5,21.6,0,None,0.0,0.058510638297872286,0.0,0.6967213114754098,0.83248730964467
2026-06-04 19:00:00,Junction_C,10.0,13.9,0.0,69.5,21.6,0,None,0.0,0.058510638297872286,0.0,0.6967213114754098,0.83248730964467
2026-06-04 20:00:00,Junction_A,10.0,16.9,3.79,74.4,8.6,0,None,0.0,0.2180851063829785,0.7595190380761522,0.7971311475409839,0.1725888324873096
2026-06-04 20:00:00,Junction_B,10.0,16.9,3.79,74.4,8.6,0,None,0.0,0.2180851063829785,0.7595190380761522,0.7971311475409839,0.1725888324873096
2026-06-04 20:00:00,Junction_C,10.0,16.9,3.79,74.4,8.6,0,None,0.0,0.2180851063829785,0.7595190380761522,0.7971311475409839,0.1725888324873096
2026-06-04 21:00:00,Junction_A,10.0,14.6,0.0,74.9,21.8,0,None,0.0,0.09574468085106369,0.0,0.807377049180328,0.8426395939086294
2026-06-04 21:00:00,Junction_B,10.0,14.6,0.0,74.9,21.8,0,None,0.0,0.09574468085106369,0.0,0.807377049180328,0.8426395939086294
2026-06-04 21:00:00,Junction_C,10.0,14.6,0.0,74.9,21.8,0,None,0.0,0.09574468085106369,0.0,0.807377049180328,0.8426395939086294
2026-06-04 22:00:00,Junction_A,92.0,16.6,0.0,74.3,8.3,0,None,0.1524163568773234,0.2021276595744681,0.0,0.7950819672131149,0.15736040609137059
2026-06-04 22:00:00,Junction_B,40.0,16.6,0.0,74.3,8.3,0,None,0.05576208178438661,0.2021276595744681,0.0,0.7950819672131149,0.15736040609137059
2026-06-04 22:00:00,Junction_C,97.0,16.6,0.0,74.3,8.3,0,None,0.16171003717472118,0.2021276595744681,0.0,0.7950819672131149,0.15736040609137059
2026-06-04 23:00:00,Junction_A,78.0,18.6,0.0,81.0,15.5,0,None,0.12639405204460966,0.3085106382978723,0.0,0.932377049180328,0.5228426395939086
2026-06-04 23:00:00,Junction_B,87.0,18.6,0.0,81.0,15.5,0,None,0.14312267657992564,0.3085106382978723,0.0,0.932377049180328,0.5228426395939086
2026-06-04 23:00:00,Junction_C,161.0,18.6,0.0,81.0,15.5,0,None,0.2806691449814126,0.3085106382978723,0.0,0.932377049180328,0.5228426395939086
2026-06-05 00:00:00,Junction_A,209.0,21.4,0.0,78.9,21.3,1,Public_Holiday,0.3698884758364312,0.45744680851063824,0.0,0.8893442622950822,0.817258883248731
2026-06-05 00:00:00,Junction_B,151.0,21.4,0.0,78.9,21.3,1,Public_Holiday,0.26208178438661706,0.45744680851063824,0.0,0.8893442622950822,0.817258883248731
2026-06-05 00:00:00,Junction_C,150.0,21.4,0.0,78.9,21.3,1,Public_Holiday,0.26022304832713755,0.45744680851063824,0.0,0.8893442622950822,0.817258883248731
2026-06-05 01:00:00,Junction_A,274.0,23.8,0.0,78.9,11.0,1,Public_Holiday,0.4907063197026022,0.5851063829787233,0.0,0.8893442622950822,0.29441624365482233
2026-06-05 01:00:00,Junction_B,238.0,23.8,0.0,78.9,11.0,1,Public_Holiday,0.42379182156133827,0.5851063829787233,0.0,0.8893442622950822,0.29441624365482233
2026-06-05 01:00:00,Junction_C,295.0,23.8,0.0,78.9,11.0,1,Public_Holiday,0.5297397769516728,0.5851063829787233,0.0,0.8893442622950822,0.29441624365482233
2026-06-05 02:00:00,Junction_A,336.0,27.0,0.0,74.6,23.0,1,Public_Holiday,0.6059479553903346,0.7553191489361701,0.0,0.8012295081967213,0.9035532994923857
2026-06-05 02:00:00,Junction_B,331.0,27.0,0.0,74.6,23.0,1,Public_Holiday,0.5966542750929368,0.7553191489361701,0.0,0.8012295081967213,0.9035532994923857
2026-06-05 02:00:00,Junction_C,308.0,27.0,0.0,74.6,23.0,1,Public_Holiday,0.5539033457249071,0.7553191489361701,0.0,0.8012295081967213,0.9035532994923857
2026-06-05 03:00:00,Junction_A,460.0,27.2,0.0,78.2,17.5,1,Public_Holiday,0.8364312267657993,0.7659574468085104,0.0,0.8750000000000002,0.6243654822335025
2026-06-05 03:00:00,Junction_B,380.0,27.2,0.0,78.2,17.5,1,Public_Holiday,0.6877323420074349,0.7659574468085104,0.0,0.8750000000000002,0.6243654822335025
2026-06-05 03:00:00,Junction_C,181.5,27.2,0.0,78.2,17.5,1,Public_Holiday,0.3187732342007435,0.7659574468085104,0.0,0.8750000000000002,0.6243654822335025
2026-06-05 04:00:00,Junction_A,488.0,27.4,0.0,71.3,11.7,1,Public_Holiday,0.8884758364312267,0.7765957446808509,0.0,0.7336065573770492,0.3299492385786802
2026-06-05 04:00:00,Junction_B,411.0,27.4,0.0,71.3,11.7,1,Public_Holiday,0.7453531598513011,0.7765957446808509,0.0,0.7336065573770492,0.3299492385786802
2026-06-05 04:00:00,Junction_C,428.0,27.4,0.0,71.3,11.7,1,Public_Holiday,0.7769516728624536,0.7765957446808509,0.0,0.7336065573770492,0.3299492385786802
2026-06-05 05:00:00,Junction_A,462.0,28.3,0.0,66.4,15.7,1,Public_Holiday,0.8401486988847584,0.824468085106383,0.0,0.6331967213114755,0.532994923857868
2026-06-05 05:00:00,Junction_B,492.0,28.3,0.0,66.4,15.7,1,Public_Holiday,0.895910780669145,0.824468085106383,0.0,0.6331967213114755,0.532994923857868
2026-06-05 05:00:00,Junction_C,471.0,28.3,0.0,66.4,15.7,1,Public_Holiday,0.8568773234200744,0.824468085106383,0.0,0.6331967213114755,0.532994923857868
2026-06-05 06:00:00,Junction_A,473.0,31.6,0.0,56.5,11.2,1,Public_Holiday,0.8605947955390335,1.0,0.0,0.430327868852459,0.30456852791878164
2026-06-05 06:00:00,Junction_B,524.0,31.6,0.0,56.5,11.2,1,Public_Holiday,0.9553903345724907,1.0,0.0,0.430327868852459,0.30456852791878164
2026-06-05 06:00:00,Junction_C,521.0,31.6,0.0,56.5,11.2,1,Public_Holiday,0.949814126394052,1.0,0.0,0.430327868852459,0.30456852791878164
2026-06-05 07:00:00,Junction_A,474.0,28.7,0.0,50.2,16.4,1,Public_Holiday,0.862453531598513,0.8457446808510638,0.0,0.30122950819672134,0.5685279187817258
2026-06-05 07:00:00,Junction_B,476.0,28.7,0.0,50.2,16.4,1,Public_Holiday,0.8661710037174721,0.8457446808510638,0.0,0.30122950819672134,0.5685279187817258
2026-06-05 07:00:00,Junction_C,522.0,28.7,0.0,50.2,16.4,1,Public_Holiday,0.9516728624535316,0.8457446808510638,0.0,0.30122950819672134,0.5685279187817258
2026-06-05 08:00:00,Junction_A,507.0,30.0,0.0,48.4,21.4,1,Public_Holiday,0.9237918215613383,0.9148936170212765,0.0,0.264344262295082,0.8223350253807106
2026-06-05 08:00:00,Junction_B,196.0,30.0,0.0,48.4,21.4,1,Public_Holiday,0.34572490706319703,0.9148936170212765,0.0,0.264344262295082,0.8223350253807106
2026-06-05 08:00:00,Junction_C,507.0,30.0,0.0,48.4,21.4,1,Public_Holiday,0.9237918215613383,0.9148936170212765,0.0,0.264344262295082,0.8223350253807106
2026-06-05 09:00:00,Junction_A,386.0,26.1,0.0,42.1,12.9,1,Public_Holiday,0.6988847583643123,0.7074468085106382,0.0,0.13524590163934436,0.3908629441624365
2026-06-05 09:00:00,Junction_B,454.0,26.1,0.0,42.1,12.9,1,Public_Holiday,0.8252788104089219,0.7074468085106382,0.0,0.13524590163934436,0.3908629441624365
2026-06-05 09:00:00,Junction_C,379.0,26.1,0.0,42.1,12.9,1,Public_Holiday,0.6858736059479554,0.7074468085106382,0.0,0.13524590163934436,0.3908629441624365
2026-06-05 10:00:00,Junction_A,381.0,27.2,1.53,44.9,19.4,1,Public_Holiday,0.6895910780669146,0.7659574468085104,0.3066132264529058,0.19262295081967218,0.7208121827411167
2026-06-05 10:00:00,Junction_B,365.0,27.2,1.53,44.9,19.4,1,Public_Holiday,0.6598513011152417,0.7659574468085104,0.3066132264529058,0.19262295081967218,0.7208121827411167
2026-06-05 10:00:00,Junction_C,353.0,27.2,1.53,44.9,19.4,1,Public_Holiday,0.637546468401487,0.7659574468085104,0.3066132264529058,0.19262295081967218,0.7208121827411167
2026-06-05 11:00:00,Junction_A,261.0,24.6,0.0,41.1,10.0,1,Public_Holiday,0.466542750929368,0.6276595744680851,0.0,0.11475409836065575,0.24365482233502533
2026-06-05 11:00:00,Junction_B,306.0,24.6,0.0,41.1,10.0,1,Public_Holiday,0.550185873605948,0.6276595744680851,0.0,0.11475409836065575,0.24365482233502533
2026-06-05 11:00:00,Junction_C,287.0,24.6,0.0,41.1,10.0,1,Public_Holiday,0.5148698884758365,0.6276595744680851,0.0,0.11475409836065575,0.24365482233502533
2026-06-05 12:00:00,Junction_A,190.0,21.4,0.0,44.1,16.7,1,Public_Holiday,0.33457249070631967,0.45744680851063824,0.0,0.17622950819672134,0.583756345177665
2026-06-05 12:00:00,Junction_B,249.0,21.4,0.0,44.1,16.7,1,Public_Holiday,0.44423791821561337,0.45744680851063824,0.0,0.17622950819672134,0.583756345177665
2026-06-05 12:00:00,Junction_C,182.0,21.4,0.0,44.1,16.7,1,Public_Holiday,0.31970260223048325,0.45744680851063824,0.0,0.17622950819672134,0.583756345177665
2026-06-05 13:00:00,Junction_A,139.0,19.5,0.0,45.2,8.1,1,Public_Holiday,0.23977695167286245,0.3563829787234041,0.0,0.19877049180327877,0.1472081218274111
2026-06-05 13:00:00,Junction_B,104.0,19.5,0.0,45.2,8.1,1,Public_Holiday,0.17472118959107805,0.3563829787234041,0.0,0.19877049180327877,0.1472081218274111
2026-06-05 13:00:00,Junction_C,85.0,19.5,0.0,45.2,8.1,1,Public_Holiday,0.13940520446096652,0.3563829787234041,0.0,0.19877049180327877,0.1472081218274111
2026-06-05 14:00:00,Junction_A,20.0,18.3,0.0,43.8,5.4,1,Public_Holiday,0.018587360594795536,0.29255319148936165,0.0,0.17008196721311475,0.010152284263959366
2026-06-05 14:00:00,Junction_B,47.0,18.3,0.0,43.8,5.4,1,Public_Holiday,0.0687732342007435,0.29255319148936165,0.0,0.17008196721311475,0.010152284263959366
2026-06-05 14:00:00,Junction_C,19.0,18.3,0.0,43.8,5.4,1,Public_Holiday,0.016728624535315983,0.29255319148936165,0.0,0.17008196721311475,0.010152284263959366
2026-06-05 15:00:00,Junction_A,10.0,17.8,0.0,46.5,18.9,1,Public_Holiday,0.0,0.26595744680851063,0.0,0.22540983606557385,0.6954314720812181
2026-06-05 15:00:00,Junction_B,10.0,17.8,0.0,46.5,18.9,1,Public_Holiday,0.0,0.26595744680851063,0.0,0.22540983606557385,0.6954314720812181
2026-06-05 15:00:00,Junction_C,10.0,17.8,0.0,46.5,18.9,1,Public_Holiday,0.0,0.26595744680851063,0.0,0.22540983606557385,0.6954314720812181
2026-06-05 16:00:00,Junction_A,10.0,16.8,0.0,46.5,16.5,1,Public_Holiday,0.0,0.21276595744680848,0.0,0.22540983606557385,0.5736040609137055
2026-06-05 16:00:00,Junction_B,10.0,16.8,0.0,46.5,16.5,1,Public_Holiday,0.0,0.21276595744680848,0.0,0.22540983606557385,0.5736040609137055
2026-06-05 16:00:00,Junction_C,10.0,16.8,0.0,46.5,16.5,1,Public_Holiday,0.0,0.21276595744680848,0.0,0.22540983606557385,0.5736040609137055
2026-06-05 17:00:00,Junction_A,10.0,14.7,0.0,57.2,23.7,1,Public_Holiday,0.0,0.10106382978723394,0.0,0.444672131147541,0.9390862944162436
2026-06-05 17:00:00,Junction_B,10.0,14.7,0.0,57.2,23.7,1,Public_Holiday,0.0,0.10106382978723394,0.0,0.444672131147541,0.9390862944162436
2026-06-05 17:00:00,Junction_C,10.0,14.7,0.0,57.2,23.7,1,Public_Holiday,0.0,0.10106382978723394,0.0,0.444672131147541,0.9390862944162436
2026-06-05 18:00:00,Junction_A,10.0,15.7,0.0,56.1,24.7,1,Public_Holiday,0.0,0.1542553191489361,0.0,0.4221311475409837,0.9898477157360405
2026-06-05 18:00:00,Junction_B,10.0,15.7,0.0,56.1,24.7,1,Public_Holiday,0.0,0.1542553191489361,0.0,0.4221311475409837,0.9898477157360405
2026-06-05 18:00:00,Junction_C,10.0,15.7,0.0,56.1,24.7,1,Public_Holiday,0.0,0.1542553191489361,0.0,0.4221311475409837,0.9898477157360405
2026-06-05 19:00:00,Junction_A,10.0,15.6,4.64,68.9,15.4,1,Public_Holiday,0.0,0.14893617021276584,0.9298597194388776,0.6844262295081969,0.5177664974619289
2026-06-05 19:00:00,Junction_B,10.0,15.6,4.64,68.9,15.4,1,Public_Holiday,0.0,0.14893617021276584,0.9298597194388776,0.6844262295081969,0.5177664974619289
2026-06-05 19:00:00,Junction_C,10.0,15.6,4.64,68.9,15.4,1,Public_Holiday,0.0,0.14893617021276584,0.9298597194388776,0.6844262295081969,0.5177664974619289
2026-06-05 20:00:00,Junction_A,10.0,15.4,0.0,65.5,11.7,1,Public_Holiday,0.0,0.13829787234042545,0.0,0.6147540983606559,0.3299492385786802
2026-06-05 20:00:00,Junction_B,10.0,15.4,0.0,65.5,11.7,1,Public_Holiday,0.0,0.13829787234042545,0.0,0.6147540983606559,0.3299492385786802
2026-06-05 20:00:00,Junction_C,10.0,15.4,0.0,65.5,11.7,1,Public_Holiday,0.0,0.13829787234042545,0.0,0.6147540983606559,0.3299492385786802
2026-06-05 21:00:00,Junction_A,10.0,17.6,2.0,73.1,15.7,1,Public_Holiday,0.0,0.25531914893617025,0.4008016032064128,0.7704918032786885,0.532994923857868
2026-06-05 21:00:00,Junction_B,10.0,17.6,2.0,73.1,15.7,1,Public_Holiday,0.0,0.25531914893617025,0.4008016032064128,0.7704918032786885,0.532994923857868
2026-06-05 21:00:00,Junction_C,33.0,17.6,2.0,73.1,15.7,1,Public_Holiday,0.04275092936802974,0.25531914893617025,0.4008016032064128,0.7704918032786885,0.532994923857868
2026-06-05 22:00:00,Junction_A,26.0,19.7,0.0,75.8,19.8,1,Public_Holiday,0.02973977695167286,0.36702127659574457,0.0,0.8258196721311475,0.7411167512690356
2026-06-05 22:00:00,Junction_B,62.0,19.7,0.0,75.8,19.8,1,Public_Holiday,0.09665427509293681,0.36702127659574457,0.0,0.8258196721311475,0.7411167512690356
2026-06-05 22:00:00,Junction_C,95.0,19.7,0.0,75.8,19.8,1,Public_Holiday,0.15799256505576206,0.36702127659574457,0.0,0.8258196721311475,0.7411167512690356
2026-06-05 23:00:00,Junction_A,140.0,19.7,0.0,78.8,7.8,1,Public_Holiday,0.241635687732342,0.36702127659574457,0.0,0.8872950819672132,0.13197969543147203
2026-06-05 23:00:00,Junction_B,132.0,19.7,0.0,78.8,7.8,1,Public_Holiday,0.22676579925650556,0.36702127659574457,0.0,0.8872950819672132,0.13197969543147203
2026-06-05 23:00:00,Junction_C,119.0,19.7,0.0,78.8,7.8,1,Public_Holiday,0.20260223048327136,0.36702127659574457,0.0,0.8872950819672132,0.13197969543147203
2026-06-06 00:00:00,Junction_A,168.0,20.7,0.0,79.2,23.3,0,None,0.2936802973977695,0.4202127659574466,0.0,0.8954918032786887,0.918781725888325
2026-06-06 00:00:00,Junction_B,153.0,20.7,0.0,79.2,23.3,0,None,0.2657992565055762,0.4202127659574466,0.0,0.8954918032786887,0.918781725888325
2026-06-06 00:00:00,Junction_C,184.0,20.7,0.0,79.2,23.3,0,None,0.32342007434944237,0.4202127659574466,0.0,0.8954918032786887,0.918781725888325
2026-06-06 01:00:00,Junction_A,290.0,23.5,0.0,80.6,5.3,0,None,0.5204460966542751,0.5691489361702127,0.0,0.9241803278688525,0.005076142131979655
2026-06-06 01:00:00,Junction_B,275.0,23.5,0.0,80.6,5.3,0,None,0.4925650557620817,0.5691489361702127,0.0,0.9241803278688525,0.005076142131979655
2026-06-06 01:00:00,Junction_C,243.0,23.5,0.0,80.6,5.3,0,None,0.433085501858736,0.5691489361702127,0.0,0.9241803278688525,0.005076142131979655
2026-06-06 02:00:00,Junction_A,343.0,26.7,0.0,81.9,8.0,0,None,0.6189591078066915,0.7393617021276595,0.0,0.9508196721311477,0.14213197969543145
2026-06-06 02:00:00,Junction_B,391.0,26.7,0.0,81.9,8.0,0,None,0.70817843866171,0.7393617021276595,0.0,0.9508196721311477,0.14213197969543145
2026-06-06 02:00:00,Junction_C,329.0,26.7,0.0,81.9,8.0,0,None,0.5929368029739778,0.7393617021276595,0.0,0.9508196721311477,0.14213197969543145
2026-06-06 03:00:00,Junction_A,454.0,27.3,4.99,74.2,16.9,0,None,0.8252788104089219,0.7712765957446808,0.9999999999999999,0.793032786885246,0.5939086294416243
2026-06-06 03:00:00,Junction_B,407.0,27.3,4.99,74.2,16.9,0,None,0.7379182156133829,0.7712765957446808,0.9999999999999999,0.793032786885246,0.5939086294416243
2026-06-06 03:00:00,Junction_C,367.0,27.3,4.99,74.2,16.9,0,None,0.6635687732342007,0.7712765957446808,0.9999999999999999,0.793032786885246,0.5939086294416243
2026-06-06 04:00:00,Junction_A,507.0,27.2,0.0,67.1,23.0,0,None,0.9237918215613383,0.7659574468085104,0.0,0.6475409836065573,0.9035532994923857
2026-06-06 04:00:00,Junction_B,445.0,27.2,0.0,67.1,23.0,0,None,0.8085501858736059,0.7659574468085104,0.0,0.6475409836065573,0.9035532994923857
2026-06-06 04:00:00,Junction_C,432.0,27.2,0.0,67.1,23.0,0,None,0.7843866171003717,0.7659574468085104,0.0,0.6475409836065573,0.9035532994923857
2026-06-06 05:00:00,Junction_A,531.0,28.5,0.0,60.5,14.4,0,None,0.9684014869888475,0.8351063829787233,0.0,0.5122950819672132,0.46700507614213194
2026-06-06 05:00:00,Junction_B,484.0,28.5,0.0,60.5,14.4,0,None,0.8810408921933086,0.8351063829787233,0.0,0.5122950819672132,0.46700507614213194
2026-06-06 05:00:00,Junction_C,491.0,28.5,0.0,60.5,14.4,0,None,0.8940520446096655,0.8351063829787233,0.0,0.5122950819672132,0.46700507614213194
2026-06-06 06:00:00,Junction_A,544.0,30.3,3.99,59.5,15.5,0,None,0.9925650557620818,0.9308510638297871,0.7995991983967935,0.4918032786885247,0.5228426395939086
2026-06-06 06:00:00,Junction_B,548.0,30.3,3.99,59.5,15.5,0,None,1.0,0.9308510638297871,0.7995991983967935,0.4918032786885247,0.5228426395939086
2026-06-06 06:00:00,Junction_C,509.0,30.3,3.99,59.5,15.5,0,None,0.9275092936802974,0.9308510638297871,0.7995991983967935,0.4918032786885247,0.5228426395939086
2026-06-06 07:00:00,Junction_A,535.0,29.5,0.0,55.4,8.1,0,None,0.9758364312267658,0.8882978723404253,0.0,0.4077868852459017,0.1472081218274111
2026-06-06 07:00:00,Junction_B,501.0,29.5,0.0,55.4,8.1,0,None,0.912639405204461,0.8882978723404253,0.0,0.4077868852459017,0.1472081218274111
2026-06-06 07:00:00,Junction_C,523.0,29.5,0.0,55.4,8.1,0,None,0.9535315985130112,0.8882978723404253,0.0,0.4077868852459017,0.1472081218274111
2026-06-06 08:00:00,Junction_A,440.0,27.7,0.0,54.5,12.5,0,None,0.7992565055762082,0.7925531914893615,0.0,0.389344262295082,0.37055837563451777
2026-06-06 08:00:00,Junction_B,495.0,27.7,0.0,54.5,12.5,0,None,0.9014869888475836,0.7925531914893615,0.0,0.389344262295082,0.37055837563451777
2026-06-06 08:00:00,Junction_C,441.0,27.7,0.0,54.5,12.5,0,None,0.8011152416356877,0.7925531914893615,0.0,0.389344262295082,0.37055837563451777
2026-06-06 09:00:00,Junction_A,428.0,26.7,0.0,44.9,5.5,0,None,0.7769516728624536,0.7393617021276595,0.0,0.19262295081967218,0.015228426395939076
2026-06-06 09:00:00,Junction_B,379.0,26.7,0.0,44.9,5.5,0,None,0.6858736059479554,0.7393617021276595,0.0,0.19262295081967218,0.015228426395939076
2026-06-06 09:00:00,Junction_C,386.0,26.7,0.0,44.9,5.5,0,None,0.6988847583643123,0.7393617021276595,0.0,0.19262295081967218,0.015228426395939076
2026-06-06 10:00:00,Junction_A,394.0,24.6,0.0,44.3,5.5,0,None,0.7137546468401487,0.6276595744680851,0.0,0.180327868852459,0.015228426395939076
2026-06-06 10:00:00,Junction_B,353.0,24.6,0.0,44.3,5.5,0,None,0.637546468401487,0.6276595744680851,0.0,0.180327868852459,0.015228426395939076
2026-06-06 10:00:00,Junction_C,357.0,24.6,0.0,44.3,5.5,0,None,0.6449814126394052,0.6276595744680851,0.0,0.180327868852459,0.015228426395939076
2026-06-06 11:00:00,Junction_A,293.0,23.0,0.0,42.4,5.4,0,None,0.5260223048327137,0.5425531914893615,0.0,0.14139344262295084,0.010152284263959366
2026-06-06 11:00:00,Junction_B,272.0,23.0,0.0,42.4,5.4,0,None,0.4869888475836431,0.5425531914893615,0.0,0.14139344262295084,0.010152284263959366
2026-06-06 11:00:00,Junction_C,250.0,23.0,0.0,42.4,5.4,0,None,0.44609665427509293,0.5425531914893615,0.0,0.14139344262295084,0.010152284263959366
2026-06-06 12:00:00,Junction_A,181.0,20.4,0.0,36.8,18.1,0,None,0.3178438661710037,0.404255319148936,0.0,0.026639344262295084,0.6548223350253808
2026-06-06 12:00:00,Junction_B,196.0,20.4,0.0,36.8,18.1,0,None,0.34572490706319703,0.404255319148936,0.0,0.026639344262295084,0.6548223350253808
2026-06-06 12:00:00,Junction_C,235.0,20.4,0.0,36.8,18.1,0,None,0.4182156133828996,0.404255319148936,0.0,0.026639344262295084,0.6548223350253808
2026-06-06 13:00:00,Junction_A,94.0,18.9,1.59,42.9,22.1,0,None,0.1561338289962825,0.3244680851063828,0.3186372745490982,0.15163934426229508,0.8578680203045687
2026-06-06 13:00:00,Junction_B,196.0,18.9,1.59,42.9,22.1,0,None,0.34572490706319703,0.3244680851063828,0.3186372745490982,0.15163934426229508,0.8578680203045687
2026-06-06 13:00:00,Junction_C,98.0,18.9,1.59,42.9,22.1,0,None,0.16356877323420074,0.3244680851063828,0.3186372745490982,0.15163934426229508,0.8578680203045687
2026-06-06 14:00:00,Junction_A,10.0,19.3,0.0,44.4,9.1,0,None,0.0,0.3457446808510638,0.0,0.18237704918032782,0.1979695431472081
2026-06-06 14:00:00,Junction_B,89.0,19.3,0.0,44.4,9.1,0,None,0.14684014869888476,0.3457446808510638,0.0,0.18237704918032782,0.1979695431472081
2026-06-06 14:00:00,Junction_C,16.0,19.3,0.0,44.4,9.1,0,None,0.011152416356877325,0.3457446808510638,0.0,0.18237704918032782,0.1979695431472081
2026-06-06 15:00:00,Junction_A,10.0,15.5,0.0,41.0,6.7,0,None,0.0,0.1436170212765957,0.0,0.11270491803278693,0.07614213197969544
2026-06-06 15:00:00,Junction_B,10.0,15.5,0.0,41.0,6.7,0,None,0.0,0.1436170212765957,0.0,0.11270491803278693,0.07614213197969544
2026-06-06 15:00:00,Junction_C,181.5,15.5,0.0,41.0,6.7,0,None,0.3187732342007435,0.1436170212765957,0.0,0.11270491803278693,0.07614213197969544
2026-06-06 16:00:00,Junction_A,10.0,13.9,1.32,50.8,13.4,0,None,0.0,0.058510638297872286,0.26452905811623245,0.3135245901639343,0.41624365482233505
2026-06-06 16:00:00,Junction_B,10.0,13.9,1.32,50.8,13.4,0,None,0.0,0.058510638297872286,0.26452905811623245,0.3135245901639343,0.41624365482233505
2026-06-06 16:00:00,Junction_C,10.0,13.9,1.32,50.8,13.4,0,None,0.0,0.058510638297872286,0.26452905811623245,0.3135245901639343,0.41624365482233505
2026-06-06 17:00:00,Junction_A,10.0,15.8,0.0,53.2,10.2,0,None,0.0,0.15957446808510634,0.0,0.36270491803278704,0.25380710659898476
2026-06-06 17:00:00,Junction_B,10.0,15.8,0.0,53.2,10.2,0,None,0.0,0.15957446808510634,0.0,0.36270491803278704,0.25380710659898476
2026-06-06 17:00:00,Junction_C,10.0,15.8,0.0,53.2,10.2,0,None,0.0,0.15957446808510634,0.0,0.36270491803278704,0.25380710659898476
2026-06-06 18:00:00,Junction_A,10.0,13.5,0.0,57.7,17.5,0,None,0.0,0.037234042553191404,0.0,0.45491803278688536,0.6243654822335025
2026-06-06 18:00:00,Junction_B,10.0,13.5,0.0,57.7,17.5,0,None,0.0,0.037234042553191404,0.0,0.45491803278688536,0.6243654822335025
2026-06-06 18:00:00,Junction_C,10.0,13.5,0.0,57.7,17.5,0,None,0.0,0.037234042553191404,0.0,0.45491803278688536,0.6243654822335025
2026-06-06 19:00:00,Junction_A,10.0,13.9,0.0,64.5,10.9,0,None,0.0,0.058510638297872286,0.0,0.5942622950819674,0.2893401015228426
2026-06-06 19:00:00,Junction_B,10.0,13.9,0.0,64.5,10.9,0,None,0.0,0.058510638297872286,0.0,0.5942622950819674,0.2893401015228426
2026-06-06 19:00:00,Junction_C,10.0,13.9,0.0,64.5,10.9,0,None,0.0,0.058510638297872286,0.0,0.5942622950819674,0.2893401015228426
2026-06-06 20:00:00,Junction_A,10.0,16.9,0.0,66.4,22.4,0,None,0.0,0.2180851063829785,0.0,0.6331967213114755,0.8730964467005075
2026-06-06 20:00:00,Junction_B,10.0,16.9,0.0,66.4,22.4,0,None,0.0,0.2180851063829785,0.0,0.6331967213114755,0.8730964467005075
2026-06-06 20:00:00,Junction_C,10.0,16.9,0.0,66.4,22.4,0,None,0.0,0.2180851063829785,0.0,0.6331967213114755,0.8730964467005075
2026-06-06 21:00:00,Junction_A,10.0,16.3,0.0,77.1,13.5,0,None,0.0,0.18617021276595735,0.0,0.8524590163934427,0.42131979695431465
2026-06-06 21:00:00,Junction_B,10.0,16.3,0.0,77.1,13.5,0,None,0.0,0.18617021276595735,0.0,0.8524590163934427,0.42131979695431465
2026-06-06 21:00:00,Junction_C,10.0,16.3,0.0,77.1,13.5,0,None,0.0,0.18617021276595735,0.0,0.8524590163934427,0.42131979695431465
2026-06-06 22:00:00,Junction_A,14.0,16.1,0.0,77.7,17.7,0,None,0.007434944237918219,0.17553191489361697,0.0,0.8647540983606559,0.6345177664974618
2026-06-06 22:00:00,Junction_B,12.0,16.1,0.0,77.7,17.7,0,None,0.0037174721189591094,0.17553191489361697,0.0,0.8647540983606559,0.6345177664974618
2026-06-06 22:00:00,Junction_C,74.0,16.1,0.0,77.7,17.7,0,None,0.11895910780669144,0.17553191489361697,0.0,0.8647540983606559,0.6345177664974618
2026-06-06 23:00:00,Junction_A,158.0,19.0,4.26,84.2,15.5,0,None,0.275092936802974,0.32978723404255317,0.8537074148296592,0.9979508196721314,0.5228426395939086
2026-06-06 23:00:00,Junction_B,86.0,19.0,4.26,84.2,15.5,0,None,0.14126394052044608,0.32978723404255317,0.8537074148296592,0.9979508196721314,0.5228426395939086
2026-06-06 23:00:00,Junction_C,163.0,19.0,4.26,84.2,15.5,0,None,0.2843866171003717,0.32978723404255317,0.8537074148296592,0.9979508196721314,0.5228426395939086
2026-06-07 00:00:00,Junction_A,247.0,20.7,0.0,75.2,23.3,0,None,0.44052044609665425,0.4202127659574466,0.0,0.8135245901639345,0.918781725888325
2026-06-07 00:00:00,Junction_B,215.0,20.7,0.0,75.2,23.3,0,None,0.3810408921933085,0.4202127659574466,0.0,0.8135245901639345,0.918781725888325
2026-06-07 00:00:00,Junction_C,181.0,20.7,0.0,75.2,23.3,0,None,0.3178438661710037,0.4202127659574466,0.0,0.8135245901639345,0.918781725888325
2026-06-07 01:00:00,Junction_A,313.0,22.5,0.0,77.1,16.1,0,None,0.5631970260223048,0.5159574468085106,0.0,0.8524590163934427,0.5532994923857869
2026-06-07 01:00:00,Junction_B,289.0,22.5,0.0,77.1,16.1,0,None,0.5185873605947956,0.5159574468085106,0.0,0.8524590163934427,0.5532994923857869
2026-06-07 01:00:00,Junction_C,312.0,22.5,0.0,77.1,16.1,0,None,0.5613382899628253,0.5159574468085106,0.0,0.8524590163934427,0.5532994923857869
2026-06-07 02:00:00,Junction_A,350.0,26.6,0.0,74.4,5.2,0,None,0.6319702602230484,0.7340425531914894,0.0,0.7971311475409839,0.0
2026-06-07 02:00:00,Junction_B,324.0,26.6,0.0,74.4,5.2,0,None,0.5836431226765799,0.7340425531914894,0.0,0.7971311475409839,0.0
2026-06-07 02:00:00,Junction_C,357.0,26.6,0.0,74.4,5.2,0,None,0.6449814126394052,0.7340425531914894,0.0,0.7971311475409839,0.0
2026-06-07 03:00:00,Junction_A,424.0,26.2,0.0,77.9,16.9,0,None,0.7695167286245354,0.7127659574468084,0.0,0.8688524590163937,0.5939086294416243
2026-06-07 03:00:00,Junction_B,423.0,26.2,0.0,77.9,16.9,0,None,0.7676579925650557,0.7127659574468084,0.0,0.8688524590163937,0.5939086294416243
2026-06-07 03:00:00,Junction_C,383.0,26.2,0.0,77.9,16.9,0,None,0.6933085501858737,0.7127659574468084,0.0,0.8688524590163937,0.5939086294416243
2026-06-07 04:00:00,Junction_A,466.0,29.3,0.0,66.8,23.3,0,None,0.8475836431226766,0.8776595744680851,0.0,0.6413934426229508,0.918781725888325
2026-06-07 04:00:00,Junction_B,466.0,29.3,0.0,66.8,23.3,0,None,0.8475836431226766,0.8776595744680851,0.0,0.6413934426229508,0.918781725888325
2026-06-07 04:00:00,Junction_C,494.0,29.3,0.0,66.8,23.3,0,None,0.8996282527881041,0.8776595744680851,0.0,0.6413934426229508,0.918781725888325
2026-06-07 05:00:00,Junction_A,487.0,29.4,0.0,65.4,5.9,0,None,0.8866171003717472,0.8829787234042552,0.0,0.612704918032787,0.035532994923857864
2026-06-07 05:00:00,Junction_B,490.0,29.4,0.0,65.4,5.9,0,None,0.8921933085501859,0.8829787234042552,0.0,0.612704918032787,0.035532994923857864
2026-06-07 05:00:00,Junction_C,480.0,29.4,0.0,65.4,5.9,0,None,0.8736059479553904,0.8829787234042552,0.0,0.612704918032787,0.035532994923857864
2026-06-07 06:00:00,Junction_A,519.0,28.7,0.0,55.8,17.1,0,None,0.9460966542750929,0.8457446808510638,0.0,0.415983606557377,0.6040609137055838
2026-06-07 06:00:00,Junction_B,464.0,28.7,0.0,55.8,17.1,0,None,0.8438661710037175,0.8457446808510638,0.0,0.415983606557377,0.6040609137055838
2026-06-07 06:00:00,Junction_C,503.0,28.7,0.0,55.8,17.1,0,None,0.9163568773234201,0.8457446808510638,0.0,0.415983606557377,0.6040609137055838
2026-06-07 07:00:00,Junction_A,498.0,28.7,0.0,52.7,12.1,0,None,0.9070631970260223,0.8457446808510638,0.0,0.3524590163934427,0.3502538071065989
2026-06-07 07:00:00,Junction_B,535.0,28.7,0.0,52.7,12.1,0,None,0.9758364312267658,0.8457446808510638,0.0,0.3524590163934427,0.3502538071065989
2026-06-07 07:00:00,Junction_C,446.0,28.7,0.0,52.7,12.1,0,None,0.8104089219330856,0.8457446808510638,0.0,0.3524590163934427,0.3502538071065989
2026-06-07 08:00:00,Junction_A,461.0,29.8,0.0,50.7,14.5,0,None,0.8382899628252788,0.9042553191489362,0.0,0.3114754098360657,0.47208121827411165
2026-06-07 08:00:00,Junction_B,468.0,29.8,0.0,50.7,14.5,0,None,0.8513011152416357,0.9042553191489362,0.0,0.3114754098360657,0.47208121827411165
2026-06-07 08:00:00,Junction_C,413.0,29.8,0.0,50.7,14.5,0,None,0.7490706319702602,0.9042553191489362,0.0,0.3114754098360657,0.47208121827411165
2026-06-07 09:00:00,Junction_A,429.0,28.3,0.0,48.2,9.3,0,None,0.7788104089219331,0.824468085106383,0.0,0.26024590163934436,0.20812182741116753
2026-06-07 09:00:00,Junction_B,367.0,28.3,0.0,48.2,9.3,0,None,0.6635687732342007,0.824468085106383,0.0,0.26024590163934436,0.20812182741116753
2026-06-07 09:00:00,Junction_C,457.0,28.3,0.0,48.2,9.3,0,None,0.8308550185873607,0.824468085106383,0.0,0.26024590163934436,0.20812182741116753
2026-06-07 10:00:00,Junction_A,393.0,24.1,0.0,43.6,6.0,0,None,0.7118959107806692,0.6010638297872339,0.0,0.1659836065573771,0.040609137055837574
2026-06-07 10:00:00,Junction_B,346.0,24.1,0.0,43.6,6.0,0,None,0.6245353159851301,0.6010638297872339,0.0,0.1659836065573771,0.040609137055837574
2026-06-07 10:00:00,Junction_C,398.0,24.1,0.0,43.6,6.0,0,None,0.7211895910780669,0.6010638297872339,0.0,0.1659836065573771,0.040609137055837574
2026-06-07 11:00:00,Junction_A,281.0,24.1,0.0,39.0,20.4,0,None,0.5037174721189591,0.6010638297872339,0.0,0.07172131147540983,0.7715736040609137
2026-06-07 11:00:00,Junction_B,266.0,24.1,0.0,39.0,20.4,0,None,0.4758364312267658,0.6010638297872339,0.0,0.07172131147540983,0.7715736040609137
2026-06-07 11:00:00,Junction_C,278.0,24.1,0.0,39.0,20.4,0,None,0.49814126394052044,0.6010638297872339,0.0,0.07172131147540983,0.7715736040609137
2026-06-07 12:00:00,Junction_A,165.0,20.4,3.78,40.0,18.8,0,None,0.28810408921933084,0.404255319148936,0.7575150300601201,0.09221311475409832,0.6903553299492385
2026-06-07 12:00:00,Junction_B,162.0,20.4,3.78,40.0,18.8,0,None,0.28252788104089216,0.404255319148936,0.7575150300601201,0.09221311475409832,0.6903553299492385
2026-06-07 12:00:00,Junction_C,179.0,20.4,3.78,40.0,18.8,0,None,0.31412639405204457,0.404255319148936,0.7575150300601201,0.09221311475409832,0.6903553299492385
2026-06-07 13:00:00,Junction_A,90.0,19.7,0.0,43.9,21.0,0,None,0.1486988847583643,0.36702127659574457,0.0,0.17213114754098358,0.802030456852792
2026-06-07 13:00:00,Junction_B,88.0,19.7,0.0,43.9,21.0,0,None,0.1449814126394052,0.36702127659574457,0.0,0.17213114754098358,0.802030456852792
2026-06-07 13:00:00,Junction_C,134.0,19.7,0.0,43.9,21.0,0,None,0.23048327137546468,0.36702127659574457,0.0,0.17213114754098358,0.802030456852792
2026-06-07 14:00:00,Junction_A,18.0,18.8,0.0,43.6,12.2,0,None,0.01486988847583643,0.31914893617021267,0.0,0.1659836065573771,0.35532994923857864
2026-06-07 14:00:00,Junction_B,91.0,18.8,0.0,43.6,12.2,0,None,0.15055762081784385,0.31914893617021267,0.0,0.1659836065573771,0.35532994923857864
2026-06-07 14:00:00,Junction_C,57.0,18.8,0.0,43.6,12.2,0,None,0.08736059479553904,0.31914893617021267,0.0,0.1659836065573771,0.35532994923857864
2026-06-07 15:00:00,Junction_A,10.0,14.7,0.0,42.2,24.0,0,None,0.0,0.10106382978723394,0.0,0.13729508196721318,0.9543147208121828
2026-06-07 15:00:00,Junction_B,26.0,14.7,0.0,42.2,24.0,0,None,0.02973977695167286,0.10106382978723394,0.0,0.13729508196721318,0.9543147208121828
2026-06-07 15:00:00,Junction_C,26.0,14.7,0.0,42.2,24.0,0,None,0.02973977695167286,0.10106382978723394,0.0,0.13729508196721318,0.9543147208121828
2026-06-07 16:00:00,Junction_A,10.0,14.9,0.0,50.4,22.5,0,None,0.0,0.11170212765957444,0.0,0.305327868852459,0.8781725888324873
2026-06-07 16:00:00,Junction_B,10.0,14.9,0.0,50.4,22.5,0,None,0.0,0.11170212765957444,0.0,0.305327868852459,0.8781725888324873
2026-06-07 16:00:00,Junction_C,10.0,14.9,0.0,50.4,22.5,0,None,0.0,0.11170212765957444,0.0,0.305327868852459,0.8781725888324873
2026-06-07 17:00:00,Junction_A,10.0,15.2,0.0,56.4,18.8,0,None,0.0,0.12765957446808496,0.0,0.42827868852459017,0.6903553299492385
2026-06-07 17:00:00,Junction_B,10.0,15.2,0.0,56.4,18.8,0,None,0.0,0.12765957446808496,0.0,0.42827868852459017,0.6903553299492385
2026-06-07 17:00:00,Junction_C,10.0,15.2,0.0,56.4,18.8,0,None,0.0,0.12765957446808496,0.0,0.42827868852459017,0.6903553299492385
2026-06-07 18:00:00,Junction_A,10.0,15.4,0.0,59.9,9.4,0,None,0.0,0.13829787234042545,0.0,0.5,0.21319796954314718
2026-06-07 18:00:00,Junction_B,10.0,15.4,0.0,59.9,9.4,0,None,0.0,0.13829787234042545,0.0,0.5,0.21319796954314718
2026-06-07 18:00:00,Junction_C,10.0,15.4,0.0,59.9,9.4,0,None,0.0,0.13829787234042545,0.0,0.5,0.21319796954314718
2026-06-07 19:00:00,Junction_A,190.0,16.2,0.0,60.6,19.1,0,None,0.33457249070631967,0.1808510638297871,0.0,0.514344262295082,0.7055837563451777
2026-06-07 19:00:00,Junction_B,10.0,16.2,0.0,60.6,19.1,0,None,0.0,0.1808510638297871,0.0,0.514344262295082,0.7055837563451777
2026-06-07 19:00:00,Junction_C,10.0,16.2,0.0,60.6,19.1,0,None,0.0,0.1808510638297871,0.0,0.514344262295082,0.7055837563451777
2026-06-07 20:00:00,Junction_A,10.0,16.8,0.0,70.7,23.3,0,None,0.0,0.21276595744680848,0.0,0.7213114754098362,0.918781725888325
2026-06-07 20:00:00,Junction_B,10.0,16.8,0.0,70.7,23.3,0,None,0.0,0.21276595744680848,0.0,0.7213114754098362,0.918781725888325
2026-06-07 20:00:00,Junction_C,10.0,16.8,0.0,70.7,23.3,0,None,0.0,0.21276595744680848,0.0,0.7213114754098362,0.918781725888325
2026-06-07 21:00:00,Junction_A,10.0,14.5,0.0,72.1,23.5,0,None,0.0,0.09042553191489355,0.0,0.75,0.9289340101522842
2026-06-07 21:00:00,Junction_B,10.0,14.5,0.0,72.1,23.5,0,None,0.0,0.09042553191489355,0.0,0.75,0.9289340101522842
2026-06-07 21:00:00,Junction_C,10.0,14.5,0.0,72.1,23.5,0,None,0.0,0.09042553191489355,0.0,0.75,0.9289340101522842
2026-06-07 22:00:00,Junction_A,91.0,19.9,0.0,77.1,22.2,0,None,0.15055762081784385,0.37765957446808485,0.0,0.8524590163934427,0.8629441624365483
2026-06-07 22:00:00,Junction_B,65.0,19.9,0.0,77.1,22.2,0,None,0.10223048327137546,0.37765957446808485,0.0,0.8524590163934427,0.8629441624365483
2026-06-07 22:00:00,Junction_C,74.0,19.9,0.0,77.1,22.2,0,None,0.11895910780669144,0.37765957446808485,0.0,0.8524590163934427,0.8629441624365483
2026-06-07 23:00:00,Junction_A,97.0,21.3,0.0,82.6,5.7,0,None,0.16171003717472118,0.4521276595744681,0.0,0.9651639344262295,0.025380710659898442
2026-06-07 23:00:00,Junction_B,87.0,21.3,0.0,82.6,5.7,0,None,0.14312267657992564,0.4521276595744681,0.0,0.9651639344262295,0.025380710659898442
2026-06-07 23:00:00,Junction_C,122.0,21.3,0.0,82.6,5.7,0,None,0.20817843866171,0.4521276595744681,0.0,0.9651639344262295,0.025380710659898442
